Pdb-id,I_ITScorepp,Training
1a17_6,-785.9,FALSE
1a3a_1,-274.13,FALSE
1a7g_1,-462.26,FALSE
1ac6_1,-261.51,FALSE
1afw_1,-877.02,FALSE
1ail_1,-379.06,FALSE
1aiz_1,-181.87,FALSE
1alu_1,-331.43,FALSE
1aoh_1,-196.42,FALSE
1azt_1,-379.65,FALSE
1azw_1,-138.01,FALSE
1b0w_1,-335.37,FALSE
1b23_4,-286.04,FALSE
1b78_1,-475.11,FALSE
1bgf_1,-439.39,FALSE
1bhm_1,-429.56,FALSE
1bjj_9,-54.43,FALSE
1bjt_1,-649.63,FALSE
1bp6_1,-211.08,FALSE
1br1_20,-15.96,FALSE
1bs2_4,-393.16,FALSE
1bws_1,-186.1,FALSE
1bww_1,-313.38,FALSE
1c16_14,-411.42,FALSE
1c3g_1,-218.82,FALSE
1cd0_1,-321.45,FALSE
1cd8_1,-469.89,FALSE
1cdt_1,-169.68,FALSE
1cp2_1,-257.78,FALSE
1cx8_2,-959.03,FALSE
1cyy_5,-338.06,FALSE
1d1t_4,-700.16,FALSE
1d5w_2,-138.87,FALSE
1dd7_1,-286.13,FALSE
1dgk_1,-338.18,FALSE
1dov_3,-505.68,FALSE
1dp4_1,-244.98,FALSE
1dp4_2,-98.32,FALSE
1dt9_4,-300.69,FALSE
1dvr_1,-283.59,FALSE
1e0r_2,-427.35,FALSE
1e59_1,-295.52,FALSE
1e6c_1,-526.24,FALSE
1e7n_1,-299.75,FALSE
1e85_1,-215.85,FALSE
1ecx_1,-164.92,FALSE
1eeq_1,-317.62,FALSE
1eku_1,-491.67,FALSE
1eqw_2,-329.11,FALSE
1erv_1,-233.49,FALSE
1esr_1,-235.49,FALSE
1ewj_2,-498.87,FALSE
1ex2_1,-235.74,FALSE
1f1c_1,-157.02,FALSE
1f1g_2,-175.7,FALSE
1f1j_5,-194.71,FALSE
1fcf_6,-306.09,FALSE
1fdj_11,-206.95,FALSE
1fe0_1,-153.51,FALSE
1fp3_2,-394.5,FALSE
1fp5_1,-508.64,FALSE
1fpq_1,-1460.96,FALSE
1fr1_1,-315.37,FALSE
1fse_3,-135.78,FALSE
1fu1_8,-306.51,FALSE
1fux_1,-326.94,FALSE
1fvp_1,-361.14,FALSE
1fzv_1,-584.46,FALSE
1g68_1,-276.82,FALSE
1g73_7,-390.68,FALSE
1gam_1,-218.02,FALSE
1gan_1,-228.28,FALSE
1gcj_1,-371.03,FALSE
1ggt_10,-371.13,FALSE
1gmz_1,-248.65,FALSE
1gxd_4,-223.57,FALSE
1gyl_1,-413.7,FALSE
1gyo_1,-250.3,FALSE
1h0x_1,-245.9,FALSE
1h1y_1,-363.65,FALSE
1h3i_1,-456.82,FALSE
1ha4_1,-190.2,FALSE
1hjr_1,-274.53,FALSE
1hlc_1,-235.95,FALSE
1hq8_1,-418.12,FALSE
1hsj_1,-650.38,FALSE
1hux_1,-191.14,FALSE
1hy3_1,-95.59,FALSE
1i49_3,-216.51,FALSE
1i74_1,-345.83,FALSE
1ibd_1,-371.43,FALSE
1ici_5,-486.63,FALSE
1ii2_1,-188.57,FALSE
1iiw_1,-359.23,FALSE
1ijy_1,-188.65,FALSE
1iqc_1,-790.19,FALSE
1is3_1,-315.07,FALSE
1iug_1,-661.63,FALSE
1ivl_1,-313.39,FALSE
1ix9_1,-459.2,FALSE
1ixq_2,-463.58,FALSE
1iyz_1,-115.64,FALSE
1j1i_1,-428.35,FALSE
1j36_3,-308.62,FALSE
1j8b_1,-226.63,FALSE
1j8f_5,-713.35,FALSE
1jbg_1,-424.62,FALSE
1jhe_1,-252.89,FALSE
1jil_1,-346.13,FALSE
1jm0_2,-391.5,FALSE
1jog_2,-348.95,FALSE
1jqj_9,-346.56,FALSE
1jr9_1,-317.97,FALSE
1jrk_1,-557.62,FALSE
1juh_9,-851.04,FALSE
1jye_1,-150.13,FALSE
1jzo_1,-406.19,FALSE
1k1y_4,-553,FALSE
1k46_1,-932.64,FALSE
1k6i_3,-283.27,FALSE
1k9a_11,-386.99,FALSE
1kcm_6,-431.39,FALSE
1kez_1,-256.22,FALSE
1kho_1,-367.85,FALSE
1khx_2,-269.23,FALSE
1kie_1,-330.79,FALSE
1kix_3,-1078.14,FALSE
1ks2_1,-285.77,FALSE
1ktn_1,-175.99,FALSE
1ku2_1,-831.57,FALSE
1ku2_4,-348.12,FALSE
1kut_1,-339.27,FALSE
1kvo_2,-111.06,FALSE
1l7c_5,-301.91,FALSE
1lee_3,-671.46,FALSE
1lkv_6,-325.58,FALSE
1lvb_5,-208.97,FALSE
1lws_4,-302.95,FALSE
1lyn_1,-389.56,FALSE
1m08_1,-181.98,FALSE
1m2a_1,-352.6,FALSE
1m6b_2,-713.78,FALSE
1m6u_9,-414.75,FALSE
1mft_1,-424.98,FALSE
1mi8_1,-207.67,FALSE
1mml_2,-600.31,FALSE
1mp9_1,-524.09,FALSE
1mqd_4,-214.09,FALSE
1mvh_1,-329.26,FALSE
1my6_1,-437.45,FALSE
1my7_1,-326.64,FALSE
1n0v_2,-439.14,FALSE
1nf7_4,-128.69,FALSE
1nfs_1,-374.97,FALSE
1nft_1,-283.45,FALSE
1nft_2,-237.39,FALSE
1np6_1,-951.98,FALSE
1np8_1,-281.54,FALSE
1ns5_1,-400.52,FALSE
1nvt_1,-436.48,FALSE
1nzi_1,-456.73,FALSE
1o12_1,-363.14,FALSE
1o64_1,-372.36,FALSE
1o6d_2,-538.63,FALSE
1o92_2,-145.38,FALSE
1obb_1,-719.59,FALSE
1ohq_1,-374.92,FALSE
1okj_1,-366.19,FALSE
1or3_7,-294.65,FALSE
1ors_10,-442.68,FALSE
1ov4_1,-147.23,FALSE
1ovn_1,-401.64,FALSE
1oya_1,-195.02,FALSE
1p35_11,-388.73,FALSE
1p8l_1,-254.76,FALSE
1pcz_1,-475.17,FALSE
1pd5_26,-327.59,FALSE
1poe_1,-109.72,FALSE
1pp3_2,-283.13,FALSE
1prx_1,-1019.28,FALSE
1psa_1,-225.84,FALSE
1psq_1,-384.56,FALSE
1pxv_1,-302.52,FALSE
1q1e_2,-425.03,FALSE
1q1n_1,-392,FALSE
1q4j_1,-244.79,FALSE
1q7s_3,-436.34,FALSE
1q98_1,-312.5,FALSE
1qex_1,-369.69,FALSE
1qex_6,-335.72,FALSE
1qg7_1,-368.93,FALSE
1qhm_4,-352.9,FALSE
1qhq_3,-167.9,FALSE
1qkd_1,-76.41,FALSE
1qmj_1,-233.56,FALSE
1qpg_1,-279.14,FALSE
1qq7_1,-1233.84,FALSE
1qrd_1,-131.53,FALSE
1qto_1,-607.93,FALSE
1qvt_19,-115.72,FALSE
1qvw_1,-225.4,FALSE
1qxh_1,-304.36,FALSE
1qya_1,-510.16,FALSE
1r5q_2,-438.6,FALSE
1r7j_1,-369.34,FALSE
1rcw_2,-379.94,FALSE
1rfy_1,-324.32,FALSE
1rk4_1,-447.59,FALSE
1rkr_5,-164.44,FALSE
1rp5_3,-323.94,FALSE
1rpa_1,-596.38,FALSE
1rtv_1,-189.52,FALSE
1rz6_2,-383,FALSE
1s9c_6,-425.78,FALSE
1s9p_1,-467.12,FALSE
1s9p_5,-213.16,FALSE
1se8_1,-188.5,FALSE
1sfl_1,-401.15,FALSE
1sfr_4,-278.73,FALSE
1si5_3,-401.92,FALSE
1slb_2,-222.44,FALSE
1som_1,-160.47,FALSE
1srr_1,-127.56,FALSE
1sw2_4,-272.21,FALSE
1sxs_1,-194.39,FALSE
1syq_8,-223.29,FALSE
1t0i_1,-433.46,FALSE
1t1e_2,-765.44,FALSE
1t1l_1,-514.85,FALSE
1t3w_1,-533.98,FALSE
1taq_5,-336.67,FALSE
1tf5_1,-302.84,FALSE
1tfg_1,-524.94,FALSE
1tmk_1,-344.15,FALSE
1to0_3,-406.35,FALSE
1to4_1,-149.2,FALSE
1tvd_1,-486.55,FALSE
1txn_1,-919.2,FALSE
1tz3_1,-261.28,FALSE
1u07_1,-570.81,FALSE
1u20_1,-564.24,FALSE
1u2j_24,-271.3,FALSE
1u3z_1,-304.58,FALSE
1u4m_1,-288.74,FALSE
1uat_2,-218.5,FALSE
1ud0_7,-590.55,FALSE
1udv_1,-252.65,FALSE
1uer_2,-452.87,FALSE
1ujk_3,-145.59,FALSE
1ujn_1,-410.45,FALSE
1ukg_1,-305.15,FALSE
1uou_1,-383.98,FALSE
1usm_1,-332.47,FALSE
1uvz_3,-164.04,FALSE
1v2a_1,-489.58,FALSE
1v2z_1,-384.06,FALSE
1v4t_4,-337.16,FALSE
1v4v_1,-517.32,FALSE
1v98_2,-249.93,FALSE
1vez_2,-361.02,FALSE
1vg9_2,-312.15,FALSE
1vh0_8,-579.89,FALSE
1vic_7,-309.85,FALSE
1vok_6,-365.29,FALSE
1vpl_1,-395.28,FALSE
1vqu_1,-360.33,FALSE
1vr0_1,-270.85,FALSE
1wac_4,-262.88,FALSE
1wlg_3,-300.77,FALSE
1wn2_1,-441.6,FALSE
1wtc_1,-277.29,FALSE
1wwp_1,-321.31,FALSE
1x1p_3,-382.12,FALSE
1xef_2,-441.78,FALSE
1xew_4,-262.51,FALSE
1xi1_1,-372.63,FALSE
1xi3_1,-400.49,FALSE
1xkv_1,-252.05,FALSE
1xkz_2,-103.83,FALSE
1xlu_1,-121.31,FALSE
1xrc_5,-241.29,FALSE
1xre_1,-410.8,FALSE
1xso_1,-261.81,FALSE
1xsv_1,-411.4,FALSE
1xty_2,-302.3,FALSE
1xub_1,-287.47,FALSE
1xuq_1,-404.39,FALSE
1xur_1,-403.07,FALSE
1xvq_2,-190.14,FALSE
1xwb_5,-246.96,FALSE
1y67_1,-435.7,FALSE
1y6h_3,-459.74,FALSE
1y7h_2,-236.03,FALSE
1y7y_1,-292.2,FALSE
1yad_2,-368.55,FALSE
1yae_9,-396.28,FALSE
1ybz_2,-824.29,FALSE
1ye5_1,-457.27,FALSE
1yem_1,-378.28,FALSE
1yln_1,-710.76,FALSE
1ysj_1,-414.71,FALSE
1yv9_1,-161.37,FALSE
1yvl_4,-617.77,FALSE
1z72_1,-334.16,FALSE
1z9p_1,-410.7,FALSE
1zbh_2,-371.18,FALSE
1zbr_1,-270.77,FALSE
1zc6_1,-298.03,FALSE
1zcj_3,-582.86,FALSE
1zh2_1,-371.7,FALSE
1zjj_1,-418.02,FALSE
1zlj_1,-132.03,FALSE
1zp7_1,-397.04,FALSE
1zsz_1,-250.05,FALSE
1zxk_1,-583.03,FALSE
1zy2_1,-159.81,FALSE
1zzh_2,-413.02,FALSE
2a4a_3,-456.38,FALSE
2a67_2,-600.41,FALSE
2a8f_1,-212.12,FALSE
2ac1_3,-295.38,FALSE
2aca_1,-459.05,FALSE
2ahm_21,-223.81,FALSE
2ajq_9,-245.74,FALSE
2aps_1,-365.78,FALSE
2ar8_1,-335.11,FALSE
2axi_3,-284.51,FALSE
2b0u_18,-307.82,FALSE
2b5a_1,-391.74,FALSE
2b7l_1,-339.1,FALSE
2b8h_6,-371.53,FALSE
2bbh_4,-403.37,FALSE
2bde_2,-325.02,FALSE
2bdm_2,-377.21,FALSE
2bdq_1,-339.42,FALSE
2bej_1,-443.76,FALSE
2bhm_2,-302.23,FALSE
2bho_1,-572.42,FALSE
2bm5_1,-331.2,FALSE
2bpd_1,-254.87,FALSE
2brv_1,-210.19,FALSE
2c2x_1,-702.41,FALSE
2c9s_1,-170.73,FALSE
2cc3_1,-249.04,FALSE
2cd0_1,-318.5,FALSE
2ctx_1,-164.04,FALSE
2cw2_1,-483.6,FALSE
2cw3_1,-429.57,FALSE
2cx4_1,-390.62,FALSE
2d13_2,-409.53,FALSE
2d4h_1,-187.99,FALSE
2dc4_1,-387.85,FALSE
2dh6_1,-412.2,FALSE
2dou_1,-656.17,FALSE
2dpf_1,-621.98,FALSE
2dql_1,-421.83,FALSE
2dsj_1,-401.75,FALSE
2dvn_1,-224.99,FALSE
2dwu_1,-522.07,FALSE
2dwy_6,-497.74,FALSE
2e1d_1,-342.81,FALSE
2e2c_1,-200.75,FALSE
2e46_1,-346.22,FALSE
2eav_1,-221.55,FALSE
2ebb_1,-299.26,FALSE
2ecf_1,-557.18,FALSE
2egu_3,-260.04,FALSE
2ejn_1,-385.8,FALSE
2ekz_1,-247.95,FALSE
2eo0_1,-274.27,FALSE
2erc_1,-347.1,FALSE
2ew2_1,-375.7,FALSE
2ewt_1,-234.27,FALSE
2f00_1,-526.25,FALSE
2f1m_2,-290.82,FALSE
2f1z_5,-217.96,FALSE
2f5e_1,-518.83,FALSE
2f6s_1,-396.9,FALSE
2f96_1,-558.81,FALSE
2f9q_2,-419.64,FALSE
2f9q_3,-313.93,FALSE
2fca_1,-321.23,FALSE
2fco_1,-404.8,FALSE
2ffv_3,-238.32,FALSE
2fhq_1,-430.69,FALSE
2fj2_2,-286.62,FALSE
2fn1_1,-267.86,FALSE
2fuc_1,-547.17,FALSE
2fv7_1,-179.65,FALSE
2g0h_1,-175.86,FALSE
2g3k_8,-241.05,FALSE
2g3p_1,-396.74,FALSE
2g45_2,-788.71,FALSE
2g7p_1,-375.89,FALSE
2gd5_1,-492.25,FALSE
2gff_1,-538.43,FALSE
2goj_1,-491.76,FALSE
2gpc_1,-396.04,FALSE
2gs2_1,-348.05,FALSE
2gsl_3,-369.36,FALSE
2gwh_1,-157.76,FALSE
2gz6_1,-130.78,FALSE
2h2w_1,-398.85,FALSE
2h8k_1,-173.22,FALSE
2h9u_1,-283.8,FALSE
2ha7_1,-140.71,FALSE
2hb0_1,-326.08,FALSE
2hjd_1,-306.45,FALSE
2hk3_1,-489.9,FALSE
2hku_1,-545.26,FALSE
2hng_1,-398.13,FALSE
2hzb_1,-331.53,FALSE
2i45_4,-426.72,FALSE
2i5p_1,-724.11,FALSE
2i6a_2,-417.44,FALSE
2i7p_1,-285.34,FALSE
2i91_1,-290.39,FALSE
2i9z_1,-403.69,FALSE
2ibm_4,-435.97,FALSE
2idl_1,-311.35,FALSE
2ijd_5,-515.1,FALSE
2ikk_1,-363.62,FALSE
2imn_1,-276.39,FALSE
2imz_1,-362.69,FALSE
2io3_12,-1136.9,FALSE
2isy_1,-374,FALSE
2itf_5,-129.42,FALSE
2iut_1,-190.78,FALSE
2iut_6,-244.97,FALSE
2iy2_1,-408.19,FALSE
2j3s_1,-385.35,FALSE
2j3x_1,-286.02,FALSE
2j3z_7,-348.55,FALSE
2j7l_4,-426.59,FALSE
2j80_1,-334.08,FALSE
2j85_1,-372.69,FALSE
2j8m_1,-879.09,FALSE
2j8w_1,-255.53,FALSE
2j8z_1,-646.64,FALSE
2j98_1,-177.21,FALSE
2jbx_1,-378.59,FALSE
2jfp_1,-294.7,FALSE
2jkr_34,-215.09,FALSE
2jlp_3,-183.89,FALSE
2npn_3,-284.29,FALSE
2nsa_5,-482.58,FALSE
2nsa_6,-348.88,FALSE
2ntx_3,-303.43,FALSE
2nub_6,-313.23,FALSE
2nvn_1,-615.27,FALSE
2nwu_1,-181.81,FALSE
2nwv_1,-455.19,FALSE
2nx9_1,-543.68,FALSE
2nyb_2,-499.35,FALSE
2nys_1,-343.7,FALSE
2o1v_1,-559.93,FALSE
2o7m_6,-394.05,FALSE
2o9a_1,-306.69,FALSE
2oai_1,-84.14,FALSE
2ob5_1,-453.24,FALSE
2ofj_1,-337.58,FALSE
2ogi_1,-217.62,FALSE
2oik_2,-709.65,FALSE
2omk_1,-676.68,FALSE
2ont_3,-676.6,FALSE
2oo2_1,-361.45,FALSE
2oqt_5,-327.8,FALSE
2ov8_1,-289.73,FALSE
2ovg_3,-260.99,FALSE
2ovi_2,-351.48,FALSE
2oz6_1,-672.86,FALSE
2ozv_1,-409.68,FALSE
2p22_22,-396.47,FALSE
2p5u_1,-542.32,FALSE
2pcj_1,-215.57,FALSE
2pf4_5,-376.65,FALSE
2pfi_1,-244.91,FALSE
2ph0_1,-430.68,FALSE
2ph1_1,-226.45,FALSE
2pij_1,-213.27,FALSE
2pju_1,-348.36,FALSE
2pl1_1,-402.4,FALSE
2pls_5,-106.11,FALSE
2pmr_1,-486.6,FALSE
2pn5_2,-100.64,FALSE
2ppv_1,-371.82,FALSE
2pr8_3,-472.49,FALSE
2pwj_2,-329.55,FALSE
2pzz_1,-271.08,FALSE
2q24_2,-308.21,FALSE
2q30_4,-575.35,FALSE
2q4n_1,-298.81,FALSE
2q5c_3,-488.58,FALSE
2q7d_1,-746.99,FALSE
2q8r_2,-356.69,FALSE
2qaz_2,-365.81,FALSE
2qc7_2,-288.2,FALSE
2qgh_1,-1318.49,FALSE
2qld_1,-301.9,FALSE
2qlx_2,-633.94,FALSE
2qms_1,-451.11,FALSE
2qrr_1,-395.14,FALSE
2qsq_1,-317.96,FALSE
2qxl_1,-277.15,FALSE
2qxy_1,-180.71,FALSE
2qyu_1,-681.86,FALSE
2r3v_6,-399.75,FALSE
2r7h_1,-368.94,FALSE
2r8q_1,-254.37,FALSE
2rax_22,-336.31,FALSE
2rc3_2,-677.04,FALSE
2rcv_2,-394.31,FALSE
2rdi_2,-381.71,FALSE
2rgv_1,-633.09,FALSE
2rhj_1,-386.22,FALSE
2snw_1,-172.17,FALSE
2tpt_1,-374.37,FALSE
2uzj_8,-460.54,FALSE
2v3t_1,-312.48,FALSE
2v54_1,-354.65,FALSE
2v5n_1,-387.16,FALSE
2v9c_1,-525.36,FALSE
2vj4_7,-357.22,FALSE
2vnc_8,-273.51,FALSE
2vpk_1,-865.55,FALSE
2vrn_1,-382.48,FALSE
2vsc_4,-931.86,FALSE
2vx8_1,-729.72,FALSE
2w0l_2,-246.76,FALSE
2w68_11,-228.36,FALSE
2w7w_1,-480.17,FALSE
2wcu_1,-321.5,FALSE
2we8_2,-324.75,FALSE
2wfc_1,-215.2,FALSE
2wfh_1,-494.15,FALSE
2wnh_2,-282.41,FALSE
2wnh_5,-443.21,FALSE
2ws2_1,-485.16,FALSE
2wui_1,-480.7,FALSE
2x2a_1,-380.58,FALSE
2x2u_3,-686.29,FALSE
2x4i_1,-354.76,FALSE
2x6g_7,-271.45,FALSE
2xbf_2,-304.37,FALSE
2xcr_4,-365.75,FALSE
2xdp_6,-1153.73,FALSE
2xeq_1,-247.46,FALSE
2xeq_5,-327.96,FALSE
2xer_3,-496.72,FALSE
2xeu_1,-270.55,FALSE
2xhf_1,-394.24,FALSE
2xiq_1,-495.99,FALSE
2xj3_1,-344.72,FALSE
2xj9_1,-606.15,FALSE
2xss_2,-1254.95,FALSE
2xt2_1,-360.8,FALSE
2xwc_1,-231.93,FALSE
2yaz_6,-227.55,FALSE
2ycj_1,-729.72,FALSE
2ym0_5,-422.88,FALSE
2ym9_8,-320.09,FALSE
2ymz_2,-302.56,FALSE
2yvq_2,-622.02,FALSE
2yvu_1,-494.49,FALSE
2ywa_1,-527.52,FALSE
2yxz_2,-882.46,FALSE
2yy9_1,-353.57,FALSE
2z00_2,-535.65,FALSE
2z0f_1,-251.22,FALSE
2z6f_1,-82.3,FALSE
2z7c_2,-265.06,FALSE
2zb3_4,-308.87,FALSE
2ze3_1,-1057.47,FALSE
2zhg_1,-621.48,FALSE
2zkj_2,-250.33,FALSE
2znh_1,-2410.96,FALSE
2zoz_2,-100.54,FALSE
2zu1_3,-355.31,FALSE
2zv3_3,-369.76,FALSE
2zvz_1,-429.64,FALSE
2zw2_1,-701.97,FALSE
2zxy_1,-185.33,FALSE
2zz8_1,-395.6,FALSE
2zzn_2,-217.05,FALSE
2zzt_1,-146.65,FALSE
3a1d_5,-225.81,FALSE
3a44_1,-1168.46,FALSE
3a9i_1,-655.77,FALSE
3aad_12,-158.97,FALSE
3ajz_1,-271.46,FALSE
3al9_1,-185.46,FALSE
3aln_1,-389.54,FALSE
3ani_1,-362.27,FALSE
3aos_1,-337.7,FALSE
3aqt_1,-327.45,FALSE
3atp_1,-654.06,FALSE
3auf_1,-346.47,FALSE
3aux_2,-474.33,FALSE
3aw8_1,-476.21,FALSE
3b39_3,-333.57,FALSE
3b4u_1,-545.66,FALSE
3b7h_1,-357.45,FALSE
3b7m_6,-511.75,FALSE
3bde_2,-532.14,FALSE
3bdl_3,-1399.86,FALSE
3bif_1,-149.2,FALSE
3bjr_1,-370.93,FALSE
3bjv_1,-322.93,FALSE
3bl8_1,-277.46,FALSE
3blc_3,-673.55,FALSE
3bqa_1,-305.16,FALSE
3bs3_1,-196.68,FALSE
3bwv_1,-495.67,FALSE
3bxh_1,-174.18,FALSE
3bxx_1,-364.19,FALSE
3bxz_1,-338.26,FALSE
3by8_2,-288.61,FALSE
3c1q_1,-281.5,FALSE
3c5q_1,-1291.91,FALSE
3c6b_1,-250.52,FALSE
3c8j_1,-415.85,FALSE
3c8x_2,-598.97,FALSE
3c9g_1,-210.75,FALSE
3cb2_1,-520.05,FALSE
3ccg_1,-333.27,FALSE
3ce1_1,-165.01,FALSE
3cei_1,-405.03,FALSE
3chi_1,-396.41,FALSE
3cjw_1,-309.97,FALSE
3cl3_7,-421.86,FALSE
3clk_1,-386.53,FALSE
3clv_1,-360.51,FALSE
3cnk_1,-365.43,FALSE
3cpe_5,-399.71,FALSE
3crj_1,-648.55,FALSE
3ctz_1,-609.86,FALSE
3cwc_1,-318.42,FALSE
3cwn_2,-304.25,FALSE
3cyv_1,-380.06,FALSE
3cz7_3,-342.85,FALSE
3d6r_3,-234.52,FALSE
3d7a_1,-271.03,FALSE
3d7q_2,-516.87,FALSE
3d8u_1,-485.28,FALSE
3da8_1,-345.94,FALSE
3dcj_1,-238.21,FALSE
3dd9_1,-1066.98,FALSE
3ded_1,-186.06,FALSE
3dex_1,-318.29,FALSE
3dh1_1,-369.99,FALSE
3die_1,-1339.34,FALSE
3dih_2,-226.91,FALSE
3dka_1,-389.73,FALSE
3dl3_1,-418.58,FALSE
3dm8_1,-399.83,FALSE
3do5_1,-534.17,FALSE
3dpt_1,-378.97,FALSE
3dqp_1,-338.11,FALSE
3dqv_12,-506.82,FALSE
3dqz_2,-312.22,FALSE
3dui_1,-296.14,FALSE
3duv_1,-549.3,FALSE
3dvf_1,-326.75,FALSE
3dvi_1,-339.04,FALSE
3dxb_16,-337.68,FALSE
3dyd_1,-957.98,FALSE
3e6d_1,-1040.18,FALSE
3e7k_14,-459.34,FALSE
3e7p_1,-334.04,FALSE
3e8s_1,-218.75,FALSE
3eb8_3,-374.55,FALSE
3ec9_1,-352.34,FALSE
3eeg_1,-217.33,FALSE
3ees_1,-278.48,FALSE
3efb_1,-252.33,FALSE
3egj_2,-322.2,FALSE
3ego_1,-349.46,FALSE
3ehc_1,-378.24,FALSE
3eij_1,-380.93,FALSE
3enm_11,-531.44,FALSE
3eoq_1,-248.79,FALSE
3erj_1,-340.02,FALSE
3esf_1,-424.06,FALSE
3eul_6,-274.6,FALSE
3eus_1,-316.24,FALSE
3ewb_1,-287.28,FALSE
3ez9_2,-614.74,FALSE
3f14_1,-515.24,FALSE
3f3y_2,-134.82,FALSE
3f4k_1,-377.48,FALSE
3f8h_1,-597.71,FALSE
3f9s_1,-434.47,FALSE
3fb3_1,-1067.14,FALSE
3fbt_2,-296.39,FALSE
3fbu_1,-400.47,FALSE
3fcx_1,-224.96,FALSE
3fdg_1,-305.58,FALSE
3fe1_7,-395.53,FALSE
3ffn_1,-292.92,FALSE
3fg3_1,-244.98,FALSE
3fg6_42,-268.77,FALSE
3fh0_1,-96.97,FALSE
3fjo_2,-370.62,FALSE
3frl_1,-331.26,FALSE
3frs_2,-346.26,FALSE
3ftj_3,-420.02,FALSE
3ftj_5,-396.18,FALSE
3g0f_1,-607.31,FALSE
3g0k_1,-650.95,FALSE
3g13_1,-372.74,FALSE
3g17_2,-405.23,FALSE
3g45_1,-251.34,FALSE
3g48_2,-180.08,FALSE
3g7p_1,-354.51,FALSE
3gff_1,-414.9,FALSE
3ghy_3,-427.08,FALSE
3glv_1,-230.91,FALSE
3gor_1,-458.98,FALSE
3grl_1,-390.88,FALSE
3gty_7,-260.7,FALSE
3gw2_1,-348.65,FALSE
3gz1_1,-474.68,FALSE
3h1s_1,-482.08,FALSE
3h2d_1,-512.11,FALSE
3h7l_3,-161.21,FALSE
3hde_2,-236.24,FALSE
3hdv_3,-147.64,FALSE
3hf7_2,-243.14,FALSE
3hgv_3,-284.02,FALSE
3hh7_1,-338.36,FALSE
3hha_4,-181.16,FALSE
3hhv_1,-302.87,FALSE
3hie_3,-841.68,FALSE
3hj6_1,-502.4,FALSE
3hjg_1,-336,FALSE
3hjp_1,-339.09,FALSE
3hm7_2,-324.32,FALSE
3hmk_1,-243.7,FALSE
3hn2_1,-230.83,FALSE
3hna_3,-572.95,FALSE
3hpn_1,-476.26,FALSE
3hq2_1,-577.16,FALSE
3hqx_1,-489.28,FALSE
3hru_1,-367.99,FALSE
3htv_1,-402.87,FALSE
3hv2_1,-279.85,FALSE
3hx8_2,-538.45,FALSE
3hy1_5,-310.13,FALSE
3hy8_1,-849.06,FALSE
3hyq_2,-401.36,FALSE
3hz4_1,-486.62,FALSE
3hzu_1,-462.68,FALSE
3i83_1,-416.86,FALSE
3i8b_2,-333.15,FALSE
3icw_3,-850.75,FALSE
3ift_2,-235.81,FALSE
3igd_1,-332.62,FALSE
3igr_2,-630.61,FALSE
3ihl_5,-736.86,FALSE
3ihr_3,-576.84,FALSE
3ijl_2,-194.73,FALSE
3jpw_2,-366.82,FALSE
3jr8_2,-214.27,FALSE
3jth_1,-373.46,FALSE
3juw_2,-423.04,FALSE
3jv5_2,-329.97,FALSE
3jv9_1,-384.46,FALSE
3jw0_13,-228.37,FALSE
3k1m_1,-280.68,FALSE
3k44_21,-464.96,FALSE
3k55_9,-1366.44,FALSE
3k5s_1,-294.63,FALSE
3k5x_2,-335.34,FALSE
3k6k_2,-342.03,FALSE
3k86_1,-1101.19,FALSE
3k8v_9,-359.35,FALSE
3kay_1,-284.79,FALSE
3kb1_1,-232.13,FALSE
3kbf_1,-291.76,FALSE
3kcn_1,-194.49,FALSE
3keb_1,-503.95,FALSE
3kg6_2,-235.97,FALSE
3kg7_2,-248.56,FALSE
3kg8_1,-330.8,FALSE
3kga_1,-403.52,FALSE
3khp_2,-618.92,FALSE
3kht_2,-462.86,FALSE
3kkc_1,-487.53,FALSE
3knz_3,-602.54,FALSE
3kph_1,-1179.55,FALSE
3ksh_1,-395.63,FALSE
3kt3_3,-358.81,FALSE
3ktm_12,-428.47,FALSE
3kux_3,-196.56,FALSE
3kvb_1,-400.5,FALSE
3kza_1,-168.07,FALSE
3l0z_5,-315.44,FALSE
3l18_1,-464.8,FALSE
3l1e_1,-431.22,FALSE
3l1w_2,-321.06,FALSE
3l5z_1,-428.39,FALSE
3l6b_1,-272.01,FALSE
3l7o_1,-470.46,FALSE
3l9e_2,-192.09,FALSE
3l9n_5,-262.91,FALSE
3l9z_1,-453.87,FALSE
3lag_1,-404.86,FALSE
3lcr_1,-339.27,FALSE
3leq_2,-198.31,FALSE
3lf6_1,-535.21,FALSE
3lf7_2,-347.85,FALSE
3lfi_1,-349.3,FALSE
3lhk_2,-689.72,FALSE
3lhr_1,-735.77,FALSE
3lhx_1,-390.96,FALSE
3ljb_2,-256.92,FALSE
3ljs_1,-421.02,FALSE
3lmb_1,-559.03,FALSE
3lmn_8,-422.18,FALSE
3lo3_3,-658.49,FALSE
3lp9_1,-288.62,FALSE
3lpm_1,-307.37,FALSE
3lqe_5,-115.03,FALSE
3lqn_1,-680.17,FALSE
3lrq_1,-441.34,FALSE
3lrq_2,-381.56,FALSE
3ltv_1,-181.08,FALSE
3lv9_1,-315.68,FALSE
3lwb_1,-292.95,FALSE
3lxy_1,-549.97,FALSE
3lya_4,-333.05,FALSE
3lyc_3,-299.38,FALSE
3lyn_1,-470.61,FALSE
3lyp_1,-520.42,FALSE
3lza_1,-231.74,FALSE
3m45_2,-265.9,FALSE
3m5b_1,-292.04,FALSE
3m5u_1,-785.58,FALSE
3m7p_3,-681.2,FALSE
3me4_1,-433.51,FALSE
3mg9_3,-322.77,FALSE
3mgc_2,-882.74,FALSE
3ml6_3,-573.29,FALSE
3ml6_7,-310.84,FALSE
3mlo_3,-327.52,FALSE
3mlp_10,-582.32,FALSE
3mnd_1,-192.01,FALSE
3mq4_1,-560.92,FALSE
3msq_6,-542.38,FALSE
3mt5_4,-503.11,FALSE
3mux_1,-280.35,FALSE
3mxo_2,-455.46,FALSE
3n3m_1,-1122.95,FALSE
3n5c_1,-662.26,FALSE
3n77_3,-391.35,FALSE
3nan_2,-56.86,FALSE
3nc1_5,-263.31,FALSE
3nfc_1,-289.05,FALSE
3nib_1,-168.65,FALSE
3nj2_1,-353.38,FALSE
3npc_2,-482.82,FALSE
3nrd_1,-644.22,FALSE
3nuh_5,-276.63,FALSE
3nur_2,-1364.58,FALSE
3nyl_3,-268.59,FALSE
3nyo_3,-311.36,FALSE
3nzp_2,-332.56,FALSE
3nzr_2,-283.16,FALSE
3o0m_1,-514.1,FALSE
3o51_5,-428.84,FALSE
3o63_1,-332.33,FALSE
3o77_2,-281.14,FALSE
3o9s_1,-237.96,FALSE
3oa4_1,-687.88,FALSE
3obh_1,-313.86,FALSE
3oco_1,-478.24,FALSE
3oet_2,-419.14,FALSE
3okt_4,-54.65,FALSE
3ooo_1,-187.29,FALSE
3opu_23,-198.8,FALSE
3orr_1,-603.35,FALSE
3oxp_1,-346.31,FALSE
3oym_4,-210.24,FALSE
3p0c_3,-362.89,FALSE
3p0u_1,-433.08,FALSE
3p27_1,-451.38,FALSE
3p3d_2,-219.86,FALSE
3p4y_1,-296.45,FALSE
3p9x_1,-183.83,FALSE
3pbb_5,-344.36,FALSE
3pc6_1,-302.46,FALSE
3pc7_1,-332.83,FALSE
3pf9_1,-412.4,FALSE
3pfy_4,-603.39,FALSE
3pim_1,-732.47,FALSE
3pl2_2,-468.91,FALSE
3pm7_1,-304.07,FALSE
3pnd_8,-423.95,FALSE
3ppe_1,-430.86,FALSE
3ppl_1,-1244.52,FALSE
3pr8_1,-643.59,FALSE
3prb_7,-335.98,FALSE
3pu7_1,-207.18,FALSE
3pyi_1,-280.18,FALSE
3q1d_1,-252.4,FALSE
3q5m_5,-368.1,FALSE
3q64_1,-525.24,FALSE
3qat_3,-246.79,FALSE
3qb2_9,-359.31,FALSE
3qm2_1,-260.97,FALSE
3qq6_1,-253.37,FALSE
3qwm_1,-570.79,FALSE
3qxu_2,-272.08,FALSE
3qyj_3,-484.41,FALSE
3r03_1,-308.76,FALSE
3r0n_1,-517.25,FALSE
3r6m_1,-253.49,FALSE
3r8c_1,-160,FALSE
3r8e_1,-748.13,FALSE
3r8k_1,-446.2,FALSE
3rao_1,-227.9,FALSE
3rbg_2,-341.57,FALSE
3ret_7,-206.81,FALSE
3rjs_1,-473.61,FALSE
3rks_2,-276.33,FALSE
3rmk_3,-142.58,FALSE
3rny_3,-275.16,FALSE
3ro8_19,-484.07,FALSE
3rob_1,-368.33,FALSE
3rog_2,-203.12,FALSE
3ros_1,-990.13,FALSE
3rpc_2,-317.82,FALSE
3rri_2,-1248.96,FALSE
3rt0_1,-416.57,FALSE
3rt2_2,-371.39,FALSE
3rtl_6,-131.44,FALSE
3rtr_20,-400.53,FALSE
3s4r_7,-552.13,FALSE
3sdp_1,-360.22,FALSE
3smd_2,-376.01,FALSE
3smt_4,-564.85,FALSE
3sno_1,-331.75,FALSE
3ssi_1,-272.13,FALSE
3sti_6,-157.37,FALSE
3svk_1,-457.55,FALSE
3t6n_4,-417.27,FALSE
3t9y_1,-1158.66,FALSE
3tbo_1,-394.47,FALSE
3teq_1,-392.33,FALSE
3teq_3,-378,FALSE
3ter_1,-390.07,FALSE
3tg8_4,-468.95,FALSE
3tgo_11,-565.44,FALSE
3thn_1,-685.41,FALSE
3tn4_1,-760.27,FALSE
3toe_1,-228.8,FALSE
3tpe_4,-457.53,FALSE
3tqj_1,-496.38,FALSE
3tqu_2,-303.4,FALSE
3tr2_1,-500.25,FALSE
3trc_1,-359.37,FALSE
3tsw_4,-265.92,FALSE
3ty9_4,-452.2,FALSE
3tzu_1,-154.6,FALSE
3u5v_1,-415.87,FALSE
3u7i_2,-602.28,FALSE
3u80_1,-326.14,FALSE
3u8z_10,-189.68,FALSE
3u8z_2,-1164.48,FALSE
3ucr_1,-224.82,FALSE
3uen_5,-249.04,FALSE
3uf5_1,-284.5,FALSE
3ufe_1,-1107.67,FALSE
3uit_14,-313.03,FALSE
3umc_2,-358.37,FALSE
3uqz_1,-288.19,FALSE
3uro_2,-178.21,FALSE
3ut0_7,-273.18,FALSE
3v00_10,-127.83,FALSE
3v0e_5,-473.71,FALSE
3v6n_1,-257.7,FALSE
3vdu_4,-368.7,FALSE
3vh1_2,-444.82,FALSE
3vnf_2,-344.76,FALSE
3vx3_1,-320.45,FALSE
3w64_1,-112.38,FALSE
3w66_1,-124.32,FALSE
3wbi_8,-175.14,FALSE
3wbj_2,-377.47,FALSE
3wbj_6,-322.34,FALSE
3wgn_3,-97.28,FALSE
3wkl_2,-245.52,FALSE
3wnk_2,-177.44,FALSE
3woa_1,-397.69,FALSE
3woi_1,-166.25,FALSE
3wpw_1,-567.94,FALSE
3wud_1,-240.32,FALSE
3wxm_3,-288.08,FALSE
3zc9_1,-254.59,FALSE
3zig_1,-263.05,FALSE
3zl7_8,-238.1,FALSE
3zpg_1,-832.08,FALSE
3zrd_1,-273.58,FALSE
3zrt_1,-400.88,FALSE
3zyl_1,-499.16,FALSE
4a12_9,-438.39,FALSE
4a56_1,-246.4,FALSE
4a64_5,-545.4,FALSE
4a7p_1,-816.77,FALSE
4aj7_1,-239.31,FALSE
4aqf_9,-441.04,FALSE
4aqt_3,-235.79,FALSE
4aw3_1,-293.98,FALSE
4axv_2,-292.52,FALSE
4ayg_2,-476.21,FALSE
4ayn_1,-152.72,FALSE
4b87_1,-328.57,FALSE
4bbr_39,-63.34,FALSE
4bkm_1,-835.04,FALSE
4bla_10,-234.15,FALSE
4bq8_3,-357.27,FALSE
4c0o_1,-387.39,FALSE
4c0p_1,-388.85,FALSE
4c0s_1,-629.31,FALSE
4c5g_6,-306.71,FALSE
4c98_1,-516.84,FALSE
4ccf_7,-86.12,FALSE
4cgr_1,-372.58,FALSE
4chl_1,-322.14,FALSE
4ckl_2,-294.86,FALSE
4ckm_2,-365.84,FALSE
4ckn_2,-568.45,FALSE
4cmp_11,-160.24,FALSE
4cqo_2,-424,FALSE
4cqo_7,-430.96,FALSE
4cyj_12,-572.5,FALSE
4czm_1,-282.83,FALSE
4czm_5,-363.45,FALSE
4d6y_1,-188.01,FALSE
4d94_2,-467.8,FALSE
4d9o_1,-403.48,FALSE
4da4_1,-386.21,FALSE
4dez_3,-457.23,FALSE
4dj2_1,-377.26,FALSE
4dj3_1,-359.35,FALSE
4dkc_1,-275.08,FALSE
4dmz_1,-413.51,FALSE
4dq0_1,-446.21,FALSE
4ds3_1,-216.02,FALSE
4dsc_1,-388.32,FALSE
4du5_2,-365.43,FALSE
4dup_1,-459.74,FALSE
4dvh_1,-452.14,FALSE
4dyw_3,-347,FALSE
4e04_1,-671.24,FALSE
4e4j_2,-324.51,FALSE
4e5y_1,-705.33,FALSE
4e69_2,-422.1,FALSE
4e86_14,-106.16,FALSE
4e89_2,-421.67,FALSE
4eht_1,-224.15,FALSE
4eib_6,-762.97,FALSE
4emb_2,-208.13,FALSE
4eo9_1,-392.92,FALSE
4epl_2,-358.68,FALSE
4eru_1,-368.88,FALSE
4ese_1,-422.1,FALSE
4ex4_1,-195.23,FALSE
4exn_1,-280.92,FALSE
4exo_1,-340.97,FALSE
4exq_2,-292.3,FALSE
4f2n_2,-452.87,FALSE
4f7o_1,-282.67,FALSE
4f7r_11,-545.68,FALSE
4f82_1,-264.4,FALSE
4fbi_1,-370.33,FALSE
4fdb_1,-531.79,FALSE
4fhl_2,-466.21,FALSE
4flb_1,-415.53,FALSE
4fn9_1,-241.75,FALSE
4fna_6,-366.35,FALSE
4fqn_1,-409.25,FALSE
4fqu_5,-162.35,FALSE
4fr2_1,-423.85,FALSE
4ft4_1,-442.89,FALSE
4fzp_1,-406.67,FALSE
4g0a_16,-615.67,FALSE
4g0b_5,-395.23,FALSE
4g1l_10,-401.43,FALSE
4g2e_1,-521.62,FALSE
4g37_4,-315.46,FALSE
4g3u_6,-295.55,FALSE
4g7n_1,-412.61,FALSE
4g8t_2,-538.84,FALSE
4ga4_1,-288.99,FALSE
4gc9_1,-533,FALSE
4gdy_11,-210.11,FALSE
4gew_4,-850.38,FALSE
4gmg_11,-373.84,FALSE
4gmk_1,-385.52,FALSE
4gml_1,-360.91,FALSE
4gtw_1,-361.54,FALSE
4guz_5,-391.43,FALSE
4gvl_7,-379.01,FALSE
4h2i_1,-514.27,FALSE
4h6u_1,-731.43,FALSE
4h6z_1,-507.33,FALSE
4hc1_28,-669.02,FALSE
4hd0_5,-310.01,FALSE
4hdg_1,-235,FALSE
4hf7_1,-306.49,FALSE
4hhe_4,-579.55,FALSE
4hj1_6,-505.16,FALSE
4hne_6,-633.41,FALSE
4hok_1,-397.58,FALSE
4hwx_1,-241.6,FALSE
4i15_1,-267.36,FALSE
4i1m_4,-515.56,FALSE
4i1t_1,-234.65,FALSE
4i24_3,-555.3,FALSE
4i5q_1,-375.43,FALSE
4i6s_9,-511.45,FALSE
4i8c_13,-289.76,FALSE
4ic3_1,-332.99,FALSE
4ikm_1,-119.58,FALSE
4ina_1,-346.63,FALSE
4iry_1,-295.99,FALSE
4iyp_5,-445.57,FALSE
4iys_1,-502.9,FALSE
4j2p_1,-612.78,FALSE
4j9a_11,-400.8,FALSE
4jc8_1,-582.03,FALSE
4jdl_2,-220.39,FALSE
4je1_1,-298.5,FALSE
4jp4_1,-437.43,FALSE
4ju5_1,-626.03,FALSE
4jz2_1,-400.56,FALSE
4k30_3,-313.61,FALSE
4k5s_1,-305.87,FALSE
4kcx_1,-238.63,FALSE
4kgb_1,-937.07,FALSE
4kkd_1,-384.01,FALSE
4kmd_4,-415.13,FALSE
4knh_1,-564.43,FALSE
4knh_4,-261.97,FALSE
4kv9_1,-397.43,FALSE
4kvr_2,-396.48,FALSE
4kxf_17,-443.81,FALSE
4kyx_1,-579.37,FALSE
4l3q_1,-200.68,FALSE
4l4w_9,-480.78,FALSE
4l4z_1,-215.09,FALSE
4l7e_1,-943.79,FALSE
4l85_1,-216.89,FALSE
4ld8_1,-307.58,FALSE
4ldb_4,-328.26,FALSE
4ldz_1,-301.81,FALSE
4le0_1,-339.63,FALSE
4lev_3,-420.38,FALSE
4lft_1,-135.67,FALSE
4lhc_2,-357.49,FALSE
4lir_1,-256.53,FALSE
4ljk_2,-332.48,FALSE
4lmf_6,-425.99,FALSE
4lo5_2,-367.24,FALSE
4low_1,-282.74,FALSE
4lrw_1,-113.44,FALSE
4lw8_1,-278.07,FALSE
4lza_1,-662.67,FALSE
4m58_1,-523.67,FALSE
4mdh_1,-616.04,FALSE
4mei_1,-250.73,FALSE
4mhr_2,-469.11,FALSE
4mko_2,-37.66,FALSE
4mkq_1,-77.12,FALSE
4mmm_5,-267.83,FALSE
4mqb_1,-160.83,FALSE
4muo_1,-384.91,FALSE
4n3v_1,-408.78,FALSE
4n4a_3,-435.2,FALSE
4nf1_4,-396.09,FALSE
4ngf_4,-249.45,FALSE
4nif_2,-400.66,FALSE
4nk0_2,-217.16,FALSE
4nld_3,-385.58,FALSE
4nnz_2,-296.12,FALSE
4npj_1,-666.87,FALSE
4nqq_1,-397.74,FALSE
4nsv_1,-309.43,FALSE
4nuq_1,-285.12,FALSE
4nvr_1,-452.67,FALSE
4nwc_2,-301.29,FALSE
4nxf_1,-256.38,FALSE
4nxw_2,-290.58,FALSE
4nzj_2,-536.87,FALSE
4nzq_2,-454.4,FALSE
4nzv_1,-319.6,FALSE
4o03_1,-231.7,FALSE
4o1h_1,-152.58,FALSE
4o1i_2,-225.17,FALSE
4o1r_2,-207.83,FALSE
4o1w_1,-309.88,FALSE
4o67_1,-81.86,FALSE
4o7v_1,-478.81,FALSE
4o9k_1,-500.19,FALSE
4oar_3,-398.32,FALSE
4ofd_1,-129.19,FALSE
4ohc_2,-570.78,FALSE
4oie_1,-298.89,FALSE
4oja_1,-339.03,FALSE
4oky_1,-359.08,FALSE
4omv_1,-322.03,FALSE
4oph_1,-380.11,FALSE
4ov8_5,-503.49,FALSE
4p2l_1,-382.5,FALSE
4p3o_5,-436.44,FALSE
4p3w_1,-4.28,FALSE
4p52_2,-507.12,FALSE
4p7o_1,-400.27,FALSE
4paa_1,-274.32,FALSE
4pbc_1,-1949.16,FALSE
4pbe_1,-748.12,FALSE
4pel_7,-307.54,FALSE
4pfe_1,-553.96,FALSE
4ph6_1,-458.16,FALSE
4pln_1,-283.2,FALSE
4pob_1,-218.24,FALSE
4ppy_1,-378.64,FALSE
4pr3_1,-421.47,FALSE
4pwz_1,-250.93,FALSE
4pyz_1,-186.82,FALSE
4pz8_4,-315.58,FALSE
4pz9_1,-373.67,FALSE
4pzk_1,-722.69,FALSE
4q5y_1,-248.08,FALSE
4q7e_1,-393.59,FALSE
4q7j_22,-238.29,FALSE
4q96_2,-716.98,FALSE
4q97_1,-255.02,FALSE
4q9a_1,-418.33,FALSE
4qbo_1,-941.37,FALSE
4qdh_1,-478.98,FALSE
4qds_1,14.96,FALSE
4qf2_1,-272.09,FALSE
4qf3_3,-269.27,FALSE
4qgb_1,-464.95,FALSE
4qhh_3,-434.28,FALSE
4qhi_1,-420.97,FALSE
4qhj_1,-405.46,FALSE
4qin_1,-531.68,FALSE
4qxw_1,-306.91,FALSE
4ray_1,-723.06,FALSE
4rb0_7,-380.57,FALSE
4rct_1,-617.04,FALSE
4re8_3,-264.31,FALSE
4red_1,-812,FALSE
4red_8,-509.64,FALSE
4rfp_1,-201.21,FALSE
4rly_3,-191.48,FALSE
4rmm_1,-269.11,FALSE
4rnj_1,-271.72,FALSE
4rxj_2,-793.48,FALSE
4rz0_1,-259.32,FALSE
4rzk_1,-192.5,FALSE
4s3m_1,-94.06,FALSE
4tkx_3,-145.16,FALSE
4tkz_2,-608.34,FALSE
4tmb_2,-206.89,FALSE
4trt_1,-461.67,FALSE
4tse_1,-449.99,FALSE
4tt4_1,-150.94,FALSE
4ttw_1,-311.39,FALSE
4twa_2,-215.48,FALSE
4u04_1,-337.91,FALSE
4u59_2,-405.11,FALSE
4u5k_1,-221.44,FALSE
4u66_5,-468.49,FALSE
4u9o_3,-469.55,FALSE
4v07_1,-509.35,FALSE
4w4j_5,-386.7,FALSE
4w8c_6,-802.57,FALSE
4w8j_6,-316.99,FALSE
4w8p_5,-451.94,FALSE
4whj_1,-424.73,FALSE
4wlm_2,-404.48,FALSE
4wny_1,-291.62,FALSE
4wov_3,-204.24,FALSE
4wph_1,-250.58,FALSE
4wt0_1,-152,FALSE
4wvr_2,-281.08,FALSE
4wwc_3,-315.82,FALSE
4wzh_4,-258.59,FALSE
4x0r_1,-459.21,FALSE
4x94_4,-303.71,FALSE
4xar_1,-341.51,FALSE
4xas_1,-242.67,FALSE
4xbd_3,-174.15,FALSE
4xea_1,-261.64,FALSE
4xss_5,-237.4,FALSE
4xvv_1,-553.99,FALSE
4xws_2,-406.43,FALSE
4y5u_1,-424.67,FALSE
4ye0_1,-277.72,FALSE
4yet_1,-438.83,FALSE
4yh6_1,-489.05,FALSE
4yiw_1,-268.45,FALSE
4yl6_4,-151.96,FALSE
4ytv_3,-293.38,FALSE
4yxf_1,-518.87,FALSE
4yyy_1,-150.91,FALSE
4z8x_8,-319.64,FALSE
4zai_4,-433.1,FALSE
4zch_5,-554.91,FALSE
4zdu_4,-231.14,FALSE
4zhr_4,-275,FALSE
4ziq_3,-542.22,FALSE
4zlp_4,-322.59,FALSE
4zms_1,-415.21,FALSE
4zmy_1,-274.61,FALSE
4zng_1,-282.22,FALSE
4zqb_1,-262.37,FALSE
4zrn_1,-527.72,FALSE
4zwv_1,-1252.42,FALSE
5a0j_1,-546.57,FALSE
5a1k_8,2000,FALSE
5abr_1,-257.86,FALSE
5afb_2,-444.68,FALSE
5afb_5,-474.14,FALSE
5ajn_3,-226.27,FALSE
5an1_5,-506.14,FALSE
5ayp_1,-663.4,FALSE
5b1y_1,-663.99,FALSE
5b3z_1,-316.42,FALSE
5b7z_1,-127.27,FALSE
5bqn_4,-402.6,FALSE
5c04_1,-365.26,FALSE
5c2x_1,-185.2,FALSE
5c3q_18,-281.33,FALSE
5c6m_2,-200.36,FALSE
5c9v_3,52.44,FALSE
5ca9_6,-0.68,FALSE
5cb2_3,-75.44,FALSE
5cho_3,-935.18,FALSE
5cjj_1,-187.18,FALSE
5ckl_1,-536.42,FALSE
5ckm_1,-448.72,FALSE
5ckn_1,-343.05,FALSE
5coa_3,-265.2,FALSE
5col_1,-420.69,FALSE
5cow_2,-203.43,FALSE
5crb_1,-301.74,FALSE
5crc_1,-940.21,FALSE
5cro_1,-201.44,FALSE
5csa_6,-553.85,FALSE
5d9g_2,-543.15,FALSE
5dbl_1,-251.65,FALSE
5dis_10,-321.27,FALSE
5dqw_1,-503.01,FALSE
5dra_1,-335.86,FALSE
5dtm_1,-559.88,FALSE
5dyk_2,-488.22,FALSE
5dym_1,-527.03,FALSE
5dyw_1,-215.96,FALSE
5dzm_3,-2007.38,FALSE
5e5p_4,-617.9,FALSE
5e6m_3,-307.99,FALSE
5eb9_1,-354.46,FALSE
5edx_1,-418.11,FALSE
5eg8_1,-472.05,FALSE
5eo6_1,-691.18,FALSE
5ep8_1,-345.89,FALSE
5eq9_1,-565.09,FALSE
5eqf_7,-172.08,FALSE
5ex9_2,-951.41,FALSE
5exv_1,-378.7,FALSE
5eyo_2,-548.68,FALSE
5f05_1,-876.02,FALSE
5f3k_1,-601.33,FALSE
5f5m_14,-262.18,FALSE
5f5m_2,-358.35,FALSE
5f5r_2,-335.87,FALSE
5f74_2,-293.11,FALSE
5feg_1,-314.24,FALSE
5fgo_1,-791.63,FALSE
5fjz_4,-315.56,FALSE
5fn0_6,-523.62,FALSE
5fom_2,-403.99,FALSE
5fub_1,-869.35,FALSE
5fuf_1,-457.32,FALSE
5gkx_4,-511.04,FALSE
5gmj_6,-501.29,FALSE
5gt9_1,-580.61,FALSE
5gus_1,-405.98,FALSE
5gx8_1,-333.08,FALSE
5gyr_7,-801.66,FALSE
5gzu_1,-292.47,FALSE
5h0i_1,-133.17,FALSE
5h13_1,-435.38,FALSE
5h23_1,-155.31,FALSE
5h5n_1,-351.24,FALSE
5h7z_5,-415.01,FALSE
5hay_1,-593.92,FALSE
5hb0_7,-789.27,FALSE
5hb4_7,-349.06,FALSE
5hiz_1,-111.33,FALSE
5hkl_1,-449.53,FALSE
5hm4_1,-316.9,FALSE
5hns_1,-556.1,FALSE
5ho9_4,-372,FALSE
5hpj_1,-371.33,FALSE
5hpk_5,-347.76,FALSE
5hqw_1,-349.13,FALSE
5hs8_1,-458.07,FALSE
5hsx_3,-253.59,FALSE
5hu7_1,-173.88,FALSE
5hxo_1,-755.98,FALSE
5i10_2,-564,FALSE
5i4c_1,-222.74,FALSE
5ie7_1,-291.02,FALSE
5ifw_6,-360.21,FALSE
5ig8_1,-965.12,FALSE
5igh_2,-1206.26,FALSE
5igp_2,-625.45,FALSE
5il5_1,-346.46,FALSE
5imt_6,-418.47,FALSE
5iqw_2,-515.23,FALSE
5iu2_1,-396.23,FALSE
5iu9_1,-429.93,FALSE
5j1f_4,-328.89,FALSE
5j6o_1,-352.52,FALSE
5j7n_3,-435.9,FALSE
5j9c_1,-284.46,FALSE
5jgk_1,-423.26,FALSE
5jk9_1,-248.26,FALSE
5jrh_1,-327.36,FALSE
5jsq_1,-703.38,FALSE
5k2i_1,-192.65,FALSE
5k4b_1,-507.43,FALSE
5k5t_1,-584.47,FALSE
5k93_1,-206.25,FALSE
5knl_11,-137.26,FALSE
5kol_2,-345.27,FALSE
5ks7_1,-422.46,FALSE
5kvt_2,-365.83,FALSE
5kyn_7,-124.23,FALSE
5kz6_1,-312.54,FALSE
5l40_2,-281.91,FALSE
5l45_1,-318.02,FALSE
5l6q_1,-251.87,FALSE
5l7d_1,-256.14,FALSE
5l7n_1,-410.44,FALSE
5lb8_1,-385.39,FALSE
5lc1_5,-545.04,FALSE
5lj8_3,-473.37,FALSE
5llj_1,-207.13,FALSE
5lta_3,-272.49,FALSE
5lvz_1,-438.57,FALSE
5lx8_1,-460.59,FALSE
5m7q_3,-205.64,FALSE
5mat_1,-427.95,FALSE
5mfa_3,-447.08,FALSE
5mio_5,-422.22,FALSE
5mja_1,-343.09,FALSE
5mqh_4,-655.55,FALSE
5msn_1,-476.05,FALSE
5mus_1,-912.5,FALSE
5mwx_1,-503.66,FALSE
5mz4_7,-346.81,FALSE
5mzo_2,-136.09,FALSE
5n69_1,-393.43,FALSE
5n71_4,-298.13,FALSE
5n7l_1,-192.52,FALSE
5na8_5,-213.62,FALSE
5ncr_1,-267.74,FALSE
5ncs_1,-343.35,FALSE
5nfo_5,-363.98,FALSE
5nqz_11,-495.12,FALSE
5o8e_2,-400.27,FALSE
5oj8_3,-539.83,FALSE
5omn_2,-284.04,FALSE
5onc_1,-695.57,FALSE
5oym_13,-866.18,FALSE
5p21_1,-306.99,FALSE
5qsl_2,-286.93,FALSE
5svg_1,-789.13,FALSE
5sy4_1,-608.07,FALSE
5t93_1,-273.07,FALSE
5t9f_1,-127.03,FALSE
5tc2_1,-170.84,FALSE
5tdq_2,-314.67,FALSE
5trb_1,-338.25,FALSE
5tus_3,-510.33,FALSE
5u0i_1,-495.4,FALSE
5u0k_4,-473.95,FALSE
5uig_4,-499.07,FALSE
5ujf_2,-208.6,FALSE
5ume_2,-396.59,FALSE
5uos_1,-331.31,FALSE
5uqm_2,-240.99,FALSE
5uvc_5,-359.77,FALSE
5uzx_1,-218.9,FALSE
5v01_1,-292.66,FALSE
5v38_7,-378,FALSE
5vcp_1,-340.61,FALSE
5vdf_4,-120.08,FALSE
5vkt_2,-714.62,FALSE
5vm1_5,-511.57,FALSE
5vm4_4,-249.38,FALSE
5vm9_1,-317.94,FALSE
5vsc_1,-457.91,FALSE
5vxa_3,-500.84,FALSE
5w5i_6,-382.63,FALSE
5wdi_2,-198.15,FALSE
5wly_5,-815.73,FALSE
5wme_4,-615.5,FALSE
5wme_5,-199.94,FALSE
5wof_13,-580.51,FALSE
5wqi_2,-452.23,FALSE
5wtx_4,-372.78,FALSE
5wyg_1,-372.44,FALSE
5x9i_1,-413.76,FALSE
5xbi_1,-348.52,FALSE
5xfl_2,-491.39,FALSE
5xo7_1,-306.92,FALSE
5xpu_3,-1081.66,FALSE
5xq1_1,-911,FALSE
5xwe_1,-231.76,FALSE
5xwm_1,-600.38,FALSE
5xwm_3,-268.81,FALSE
5xwz_2,-256.05,FALSE
5xzw_7,-303.81,FALSE
5y2f_2,-298.13,FALSE
5y3e_2,-366.05,FALSE
5y4s_6,-290.81,FALSE
5y4t_1,-161.83,FALSE
5y5w_17,-765.41,FALSE
5y5w_3,-440.87,FALSE
5y9h_4,-368.03,FALSE
5y9h_6,-691.71,FALSE
5yfn_4,-477.61,FALSE
5ygs_6,-744.9,FALSE
5yii_1,-293.74,FALSE
5yii_2,-289.07,FALSE
5yij_13,-357.33,FALSE
5yij_5,-94.06,FALSE
5yik_15,-177.56,FALSE
5yim_2,-682.3,FALSE
5yp1_3,-393.57,FALSE
5yrg_1,-220.72,FALSE
5ytb_12,-14.06,FALSE
5z0y_1,-171.31,FALSE
5z70_2,-246.85,FALSE
5zhq_1,-481.04,FALSE
5zln_1,-641.84,FALSE
5zmd_1,-192.32,FALSE
5znd_3,-360.85,FALSE
5ztf_1,-223.32,FALSE
5zw3_1,-578.89,FALSE
5zyo_2,-1766.79,FALSE
6a16_5,-521.69,FALSE
6a17_1,-423.86,FALSE
6a1z_5,-377.09,FALSE
6aeg_3,-82.42,FALSE
6aob_1,-354.93,FALSE
6ar4_1,-110.63,FALSE
6as7_3,-253.09,FALSE
6auj_1,-1063.09,FALSE
6azh_1,-884.1,FALSE
6b5q_7,-117.69,FALSE
6b72_1,-600.65,FALSE
6bb8_2,-558.03,FALSE
6beb_5,-535.84,FALSE
6bi7_21,-413.36,FALSE
6bm9_1,-1339.45,FALSE
6bnc_1,-284.65,FALSE
6bui_11,-260.1,FALSE
6bwy_1,-232.48,FALSE
6cf6_1,-644.23,FALSE
6cgb_1,-538.37,FALSE
6cjs_3,-802.22,FALSE
6d2s_6,-309.71,FALSE
6d3l_1,-264.47,FALSE
6d9m_4,-403.95,FALSE
6dd5_1,-353.5,FALSE
6dfk_9,-242.04,FALSE
6dkk_1,-1068.53,FALSE
6dkk_6,-396.89,FALSE
6eet_1,-394.27,FALSE
6ehg_10,-16.96,FALSE
6eku_2,-418.22,FALSE
6emt_1,-498.07,FALSE
6eng_3,-494.76,FALSE
6epp_2,-361,FALSE
6ewi_3,-490.29,FALSE
6f1k_1,-286.27,FALSE
6f6p_1,-385.8,FALSE
6fb3_1,-339.29,FALSE
6fhm_1,-1595.5,FALSE
6fju_1,-560.66,FALSE
6fjv_2,-324.47,FALSE
6fnz_4,-853.54,FALSE
6fpt_1,-537.95,FALSE
6fwt_2,-338.15,FALSE
6g16_10,-730.1,FALSE
6g20_4,-655.79,FALSE
6g5g_11,-33.6,FALSE
6g88_1,-405.58,FALSE
6g8t_3,-375.11,FALSE
6gc9_1,-360.93,FALSE
6gfk_3,-509.24,FALSE
6gjq_3,-411.8,FALSE
6gsu_1,-597.09,FALSE
6gv1_7,-304.66,FALSE
6gzc_3,-485.57,FALSE
6h3s_1,-400.77,FALSE
6h3u_14,-298.24,FALSE
6h4h_10,-237.08,FALSE
6h97_3,-345.92,FALSE
6hkw_16,-445.68,FALSE
6hzl_2,-348.52,FALSE
6i04_3,-396.5,FALSE
6i3j_3,-186.79,FALSE
6i7k_1,-381.34,FALSE
6i97_1,-412.64,FALSE
6ii0_11,-204.83,FALSE
6ii0_6,-1460.66,FALSE
6ii0_7,-344.12,FALSE
6iii_1,-578.47,FALSE
6iny_1,-587.53,FALSE
6j09_4,-447.91,FALSE
6j09_5,-479.08,FALSE
6j20_3,-358.16,FALSE
6jdu_3,-437.23,FALSE
6jj4_4,-325.93,FALSE
6jod_12,-344.39,FALSE
6jol_2,-348.59,FALSE
6jsd_1,-1382.3,FALSE
6jtz_1,-461.01,FALSE
6k4p_3,-67.22,FALSE
6k6n_1,-430.05,FALSE
6kc6_7,-127.28,FALSE
6lnp_1,-342.88,FALSE
6mac_5,-369.71,FALSE
6mav_7,-275.68,FALSE
6mxd_2,-348.97,FALSE
6n5z_1,-572.66,FALSE
6nc7_1,-452.92,FALSE
6nfl_3,-457.78,FALSE
6np6_5,-692.56,FALSE
6o8b_4,-114.72,FALSE
6o9q_5,-220.1,FALSE
6orf_1,-340.25,FALSE
6otn_2,-445.19,FALSE
6p40_1,-717.03,FALSE
6pkc_4,-383.21,FALSE
6pqn_5,-581.8,FALSE
6qgs_17,-380.25,FALSE
6qpp_2,-160.51,FALSE
6qq2_2,-272.07,FALSE
6qsn_1,-503.92,FALSE
6qu4_11,-362.9,FALSE
6qzh_3,-331.51,FALSE
6r2f_1,-534.61,FALSE
6r2s_8,-310.19,FALSE
6r80_2,-612.72,FALSE
6rp3_5,-403.31,FALSE
6rrc_4,-649.15,FALSE
6s1l_5,-413.44,FALSE
6tfq_4,-255.34,FALSE
6tka_4,-793.98,FALSE
6txq_3,-387.63,FALSE
6ucm_16,-778.13,FALSE
6vdd_2,-290.13,FALSE
6vjb_4,-107.57,FALSE
6w25_2,-475.42,FALSE
6wrh_3,-443.67,FALSE
8jdw_1,-144.38,FALSE
